AC	0.0
AD	0.00348644352125275
AE	0.003250316925415428
AF	0.0
AG	0.005280947923965925
AH	0.0
AI	0.0
AK	0.0
AL	0.0
AM	0.0
AN	0.0
AP	0.00561471540827062
AQ	0.0
AR	0.0
AS	0.005204556059365989
AT	0.021158731422531028
AV	0.017742807140236773
AW	0.0
AY	0.0
CD	0.0
CE	0.0
CF	0.0021767625070696424
CG	0.0022329979618849263
CH	0.0
CI	0.0
CK	0.0
CL	0.0
CM	0.0
CN	0.0
CP	0.0
CQ	0.0
CR	0.006131081084651258
CS	0.0039920214891332574
CT	0.0
CV	0.0
CW	0.001708004060631291
CY	0.007071617370751734
DE	0.0085427855653426
DF	0.0
DG	0.013229849420542223
DH	0.0031994185958378147
DI	0.0
DK	0.0
DL	0.0
DM	0.0
DN	0.017051451961582052
DP	0.0
DQ	0.0
DR	0.0
DS	0.0
DT	0.0
DV	0.0026207383458621454
DW	0.0
DY	0.003408295332964413
EF	0.0
EG	0.014144230726040352
EH	0.0
EI	0.0
EK	0.01930866724826931
EL	0.0
EM	0.0
EN	0.0
EP	0.0
EQ	0.004116710924757394
ER	0.0
ES	0.0
ET	0.0
EV	0.002910246113775931
EW	0.0
EY	0.0
FG	0.0
FH	0.0
FI	0.0028649951042826124
FK	0.0
FL	0.013809545564475705
FM	0.0
FN	0.0
FP	0.0
FQ	0.0
FR	0.0
FS	0.010460837354481618
FT	0.0
FV	0.002418752415700865
FW	0.0
FY	0.0020845693309869146
GH	0.0
GI	0.0
GK	0.0
GL	0.0
GM	0.0
GN	0.0
GP	0.0
GQ	0.0
GR	0.013253680343863292
GS	0.010871211482391414
GT	0.0
GV	0.005071267994584846
GW	0.0007543725804831285
GY	0.0
HI	0.0
HK	0.0
HL	0.0015090328789402485
HM	0.0
HN	0.0031959550568099473
HP	0.002205482255220625
HQ	0.005212467311680775
HR	0.006891046228476004
HS	0.0
HT	0.0
HV	0.0
HW	0.0
HY	0.007994508004768556
IK	0.0016869732701585822
IL	0.00476118604581344
IM	0.011808899997744208
IN	0.0035913608712716556
IP	0.0
IQ	0.0
IR	0.0010436775430528711
IS	0.0035140141013620787
IT	0.01964887884962399
IV	0.015079230115820217
IW	0.0
IY	0.0
KL	0.0
KM	0.0021041292984005627
KN	0.009553098443326335
KP	0.0
KQ	0.004320365675184953
KR	0.013331236991279331
KS	0.0
KT	0.004173906769892774
KV	0.0
KW	0.0
KY	0.0
LM	0.0036897396920393226
LN	0.0
LP	0.020397408073415092
LQ	0.0025157174808586816
LR	0.003538100859575088
LS	0.010512985566229042
LT	0.0
LV	0.0068422216296386545
LW	0.0012961603933882848
LY	0.0
MN	0.0
MP	0.0
MQ	0.0
MR	0.0016363337397125998
MS	0.0
MT	0.007010586989817448
MV	0.007484502046298301
MW	0.0
MY	0.0
NP	0.0
NQ	0.0
NR	0.0
NS	0.014312303676810679
NT	0.0037548900627209143
NV	0.0
NW	0.0
NY	0.002822153368126628
PQ	0.003516891164399642
PR	0.004575561271648957
PS	0.022442841994843084
PT	0.006109071978377475
PV	0.0
PW	0.0
PY	0.0
QR	0.008621026555339754
QS	0.0
QT	0.0
QV	0.0
QW	0.0
QY	0.0
RS	0.00680668431691729
RT	0.002492300594135373
RV	0.0
RW	0.003239107641345717
RY	0.0
ST	0.00791478225745174
SV	0.0
SW	0.0011407810171979323
SY	0.002349326304315495
TV	0.0
TW	0.0
TY	0.0
VW	0.0
VY	0.0
WY	0.0
