	FBtr0332222	FBtr0300354	FBtr0332003	FBtr0332004	FBtr0300459	FBtr0080129	FBtr0340567	FBtr0307577	FBtr0306928	FBtr0343696	FBtr0306282	FBtr0343713	FBtr0344488	FBtr0340238	FBtr0346474	FBtr0306283	FBtr0081310	FBtr0340497	FBtr0113050	FBtr0340498	FBtr0306826	FBtr0344468	FBtr0305907	FBtr0305906	FBtr0306076	FBtr0088351	FBtr0306050	FBtr0110768	FBtr0344699	FBtr0302392	FBtr0340215	FBtr0306718	FBtr0340727	FBtr0300313	FBtr0333135	FBtr0340657	FBtr0300314	FBtr0345862	FBtr0303850	FBtr0076100	FBtr0076145	FBtr0339812	FBtr0300316	FBtr0305487	FBtr0310456	FBtr0304017	FBtr0303827	FBtr0300317	FBtr0301251	FBtr0344814	FBtr0344635	FBtr0339728	FBtr0302437	FBtr0309894	FBtr0346409	FBtr0343913	FBtr0345167	FBtr0306819	FBtr0082957	FBtr0345248	FBtr0083241	FBtr0112473	FBtr0344450	FBtr0339174	FBtr0339171	FBtr0336793	FBtr0309855	FBtr0344632	FBtr0304878	FBtr0310577	FBtr0084561	FBtr0306717	FBtr0344623	FBtr0301941	FBtr0339326	FBtr0309178	FBtr0070541	FBtr0302417	FBtr0302419	FBtr0302418	FBtr0302416	FBtr0302415	FBtr0302414	FBtr0310578	FBtr0340119	FBtr0073545	FBtr0305610	FBtr0346284	FBtr0073671	FBtr0304837	FBtr0305280	FBtr0113440	FBtr0074619	FBtr0074670	FBtr0346035	FBtr0346034	FBtr0346033	FBtr0346032	FBtr0346031	FBtr0346030	FBtr0346029	FBtr0346028	FBtr0346027	FBtr0346026	FBtr0301573	FBtr0301572	FBtr0301570	FBtr0112534	FBtr0301567	FBtr0301566	FBtr0301565	FBtr0301564	FBtr0302987	FBtr0340430	FBtr0346037	AbsolutFrequencies	RelativeFrequencies
AAA	1	5	15	7	7	1	2	0	16	5	2	3	0	8	1	4	0	8	2	0	2	0	0	0	0	6	3	3	0	0	17	1	7	1	2	3	8	5	3	0	1	1	1	3	0	0	1	3	6	4	0	3	1	0	3	11	1	5	0	3	4	1	1	2	1	0	1	0	6	1	4	12	7	1	2	1	0	8	8	8	8	8	8	1	9	91	1	2	1	2	0	2	11	3	6	4	4	6	4	6	4	4	4	4	0	3	3	0	5	5	2	2	0	3	3	482	0.03280473694956782
AAT	1	61	16	4	4	4	3	0	11	9	1	5	2	3	7	1	2	1	1	1	3	0	1	1	1	0	1	0	2	0	3	0	5	2	1	4	4	2	4	0	0	1	1	0	0	0	0	3	5	0	0	4	0	0	0	10	5	7	3	1	3	0	1	1	2	1	0	0	3	1	0	1	21	5	0	0	0	7	7	8	7	8	8	1	7	116	3	3	3	5	2	0	14	5	1	1	1	1	1	1	1	1	1	1	3	3	4	3	2	1	4	4	9	0	1	498	0.03389369087320493
AAC	2	5	4	5	5	3	0	2	4	7	1	2	1	2	5	3	4	0	1	3	3	0	0	0	1	1	0	1	0	1	1	0	1	1	2	1	5	4	6	1	1	2	1	1	3	0	1	2	1	5	1	0	0	0	2	5	0	4	11	1	1	0	0	1	2	0	0	2	4	1	2	2	9	0	0	1	1	1	1	1	1	1	1	1	5	15	3	3	1	1	2	2	6	9	4	4	4	4	4	4	4	4	4	4	3	3	2	3	2	4	2	3	3	5	3	282	0.019192812904103997
AAG	1	12	9	2	2	0	0	3	3	5	2	3	1	2	2	5	5	0	6	1	1	1	1	1	1	1	1	1	0	2	13	3	1	0	3	1	3	1	4	11	9	0	2	3	1	0	1	2	2	1	1	3	0	0	2	6	0	1	1	1	0	2	2	0	2	2	0	1	2	0	0	18	4	1	1	1	4	4	4	4	4	4	5	1	16	101	1	2	1	2	0	0	14	13	3	3	3	3	3	3	3	3	3	3	4	11	3	4	2	3	3	3	6	1	3	439	0.0298781732797931
ATA	2	18	4	1	2	0	0	0	20	7	2	1	1	2	0	1	0	1	4	0	1	0	1	0	1	3	0	0	0	2	2	0	0	2	0	0	5	4	3	0	0	0	2	1	0	0	1	3	1	3	0	0	1	1	0	8	0	1	0	2	3	0	0	0	0	1	1	1	3	0	0	0	11	1	1	1	0	3	3	3	3	4	3	0	3	4	4	0	4	5	0	1	7	0	0	0	0	0	0	0	0	0	0	0	3	2	3	3	0	0	2	2	1	2	2	204	0.013884162526373103
ATT	1	42	8	3	3	0	0	2	13	7	0	1	0	3	0	0	3	2	5	1	5	1	0	1	2	6	0	0	2	3	5	0	1	5	3	1	4	6	3	0	0	1	1	1	5	3	3	2	4	7	1	1	2	2	3	5	3	4	1	2	5	1	0	1	2	0	3	2	1	1	2	3	8	2	0	0	0	6	6	6	6	7	7	2	6	64	4	1	2	8	2	2	12	4	2	2	2	2	2	2	2	2	2	2	1	1	1	1	2	1	3	3	4	2	2	410	0.027904444293200843
ATC	1	5	3	3	2	1	0	1	8	2	0	0	2	0	2	0	3	0	8	1	1	4	2	0	1	2	2	1	1	3	1	0	0	1	2	2	2	2	1	2	2	0	0	1	1	0	0	1	4	2	1	1	1	1	4	3	1	4	0	2	4	0	1	1	0	0	0	0	4	0	0	2	9	0	0	0	1	2	2	2	2	2	3	4	1	15	1	6	2	10	3	0	19	1	5	5	5	5	5	5	5	5	5	5	4	1	3	4	2	2	1	1	0	3	5	274	0.018648335942285443
ATG	2	6	5	4	4	1	3	3	1	2	2	1	2	1	2	1	2	3	11	3	3	3	1	1	1	3	2	3	2	1	6	2	1	2	2	1	3	14	2	1	1	2	3	2	2	1	2	2	12	1	1	2	1	4	1	4	1	5	1	3	3	2	1	2	2	2	5	1	2	3	1	3	3	1	2	2	1	7	7	7	7	6	6	3	7	34	1	3	8	10	5	2	13	4	5	4	4	5	4	5	4	4	4	4	4	2	6	4	3	3	4	4	8	5	3	419	0.028516980875246716
ACA	1	10	4	0	0	0	0	2	91	2	2	1	0	5	7	2	1	1	1	3	3	1	1	1	0	0	2	0	1	0	2	0	3	1	4	7	2	1	2	4	4	2	0	0	0	0	6	0	1	5	1	4	1	0	2	2	0	3	3	3	4	0	4	0	1	0	0	1	1	1	0	1	7	0	2	1	1	2	2	2	2	2	2	0	2	13	0	2	0	0	0	1	7	2	2	4	4	2	4	2	4	4	4	4	0	0	2	0	1	1	4	4	2	1	3	320	0.021779078472742124
ACT	1	23	17	8	8	0	1	0	57	3	2	0	0	1	1	1	1	0	0	1	3	0	0	0	1	1	1	1	0	1	4	0	1	0	2	2	1	2	1	1	2	2	0	0	5	1	6	0	0	1	0	0	1	2	0	1	2	3	11	2	4	3	3	0	1	1	3	1	0	1	1	2	13	0	0	0	1	3	3	3	3	3	3	1	0	15	0	1	3	4	0	0	1	0	0	0	0	0	0	0	0	0	0	0	2	0	2	2	0	1	2	2	5	0	0	279	0.018988634043422038
ACC	0	2	2	0	0	0	1	0	37	3	2	2	0	0	2	1	2	1	1	1	2	1	1	1	0	2	0	0	1	2	4	0	1	1	3	1	1	4	5	14	13	1	1	0	0	0	11	2	2	3	1	4	1	2	2	1	1	1	11	1	0	2	2	1	0	0	1	0	0	3	1	4	0	0	1	0	12	0	0	0	0	0	0	2	6	27	0	1	0	2	0	2	10	2	0	0	0	0	0	0	0	0	0	0	0	1	1	0	0	0	1	1	2	2	0	246	0.016742666575920506
ACG	2	18	4	0	0	0	0	1	34	3	2	3	0	0	1	0	1	0	0	2	1	0	0	0	0	2	0	0	1	1	2	0	0	0	1	4	5	2	0	5	6	0	0	1	0	0	1	0	0	2	1	1	0	1	1	0	0	1	12	1	2	2	2	2	0	0	1	0	3	0	1	2	3	0	1	0	3	1	1	1	1	1	1	5	3	21	1	1	0	2	0	1	3	3	1	1	1	1	1	1	1	1	1	1	2	1	1	2	1	1	1	1	1	1	0	213	0.014496699108418975
AGA	1	1	4	2	2	0	0	1	1	5	3	2	1	0	2	1	2	0	0	2	0	0	0	0	0	2	2	0	1	1	1	0	0	2	1	2	1	1	1	0	0	0	4	1	1	0	3	4	0	2	0	0	0	0	0	3	0	1	1	0	1	0	0	0	0	0	0	0	1	1	1	4	2	0	1	0	2	7	7	7	7	7	7	2	1	6	1	2	0	2	1	1	3	0	0	0	0	0	0	0	0	0	0	0	1	1	2	1	0	0	0	0	2	2	1	149	0.01014088341387055
AGT	0	7	8	0	0	1	0	2	5	3	1	1	0	2	1	0	2	0	1	0	1	0	0	0	0	0	0	0	0	0	1	0	0	3	3	2	2	1	1	2	2	0	0	0	2	0	0	0	1	1	0	4	1	3	2	1	2	4	2	1	2	0	0	0	2	0	2	0	2	2	2	1	8	0	2	3	2	2	2	2	2	2	2	0	1	38	0	1	1	3	1	2	3	0	4	4	4	4	4	4	4	4	4	4	2	1	1	2	1	1	1	1	1	0	5	222	0.015109235690464847
AGC	2	0	5	3	3	0	0	1	3	0	2	1	0	2	7	1	0	0	2	2	1	0	0	0	0	1	0	0	1	1	3	3	2	3	2	1	3	3	5	3	3	0	0	0	1	0	0	1	2	3	0	1	2	0	0	2	0	4	19	3	1	1	0	0	4	1	1	1	0	1	0	2	3	0	1	3	15	2	2	2	2	2	1	2	5	68	2	3	1	2	0	1	9	4	2	2	2	2	2	2	2	2	2	2	1	1	0	1	2	1	1	0	1	3	2	282	0.019192812904103997
AGG	0	0	0	2	2	0	1	1	2	1	0	1	0	0	0	1	2	0	3	0	1	1	0	0	0	2	2	1	0	1	3	1	1	2	0	3	0	3	2	1	1	0	1	0	0	0	4	0	0	0	0	0	0	1	0	3	3	0	6	0	0	0	2	4	0	1	1	0	0	0	0	1	3	0	3	0	8	1	1	1	1	1	1	1	2	20	0	2	2	2	0	1	4	0	1	1	1	1	1	1	1	1	1	1	2	1	1	2	3	3	1	1	1	5	1	153	0.010413121894779827
CAA	0	36	9	2	2	2	1	1	3	2	1	2	3	1	1	3	2	2	1	2	4	0	0	0	0	8	1	1	0	2	3	0	3	0	2	4	4	3	6	0	0	0	1	0	0	1	0	2	5	2	0	3	0	1	2	2	2	1	1	5	10	2	2	1	0	0	1	0	2	1	0	2	11	1	0	6	0	4	4	4	4	4	4	2	3	39	2	1	5	2	0	1	4	2	1	1	1	1	0	1	0	1	1	1	3	0	0	3	1	1	2	2	1	1	4	295	0.020077587967059145
CAT	0	30	3	1	1	0	0	0	2	1	2	0	0	2	0	1	1	1	0	2	3	0	0	0	1	3	1	1	1	2	1	1	0	1	1	3	5	0	4	0	0	0	0	0	1	1	1	0	3	0	0	1	0	1	1	7	4	3	0	2	4	0	0	1	0	0	1	1	1	2	0	0	10	1	5	2	0	3	3	3	3	3	3	1	4	16	1	1	1	4	0	0	9	1	1	1	1	1	2	1	2	1	1	1	1	1	2	2	0	1	1	1	1	1	1	208	0.014156401007282379
CAC	1	1	0	1	1	0	0	1	4	0	0	1	1	0	1	0	1	0	2	1	0	0	0	0	0	1	0	0	1	0	1	0	2	0	3	3	1	2	2	3	3	2	1	0	0	1	3	1	5	1	1	2	2	0	2	4	0	1	0	1	3	0	0	1	0	1	0	0	1	0	0	0	5	0	1	0	1	1	1	1	1	1	1	1	3	1	0	3	0	1	0	0	6	3	2	2	2	2	2	2	2	2	2	2	0	0	1	0	2	2	0	0	0	0	3	130	0.008847750629551487
CAG	0	22	5	2	2	1	1	1	4	0	0	1	2	1	1	1	4	1	2	0	4	2	1	0	0	0	4	0	1	3	2	1	3	0	1	6	2	3	1	0	0	1	0	1	0	1	0	2	9	1	0	10	0	1	2	1	0	2	3	1	6	2	0	2	0	0	2	1	1	0	1	2	12	0	0	1	1	4	4	4	4	4	4	1	7	19	1	6	0	1	0	2	8	11	1	1	1	1	1	1	1	1	1	1	5	3	3	5	4	3	7	7	3	5	1	287	0.01953311100524059
CTA	0	13	3	3	3	0	0	1	2	1	0	0	1	1	0	0	2	1	0	0	0	0	0	1	0	1	1	1	0	1	1	0	0	1	1	2	2	3	3	0	0	1	3	2	0	1	2	2	2	5	0	0	0	0	1	2	1	2	2	0	4	1	1	0	0	1	0	0	3	0	2	1	0	0	1	0	1	1	1	1	1	1	1	0	3	18	1	1	0	2	3	1	8	2	3	3	3	3	3	3	3	3	3	3	2	1	2	2	3	3	4	4	0	0	1	187	0.012727148982508677
CTT	1	17	2	2	2	2	0	1	4	4	0	1	0	3	0	1	4	1	2	0	1	0	0	0	0	2	1	2	1	1	1	0	0	5	2	0	4	4	4	1	0	2	0	3	0	0	2	5	0	2	1	2	1	0	0	4	0	0	3	2	6	2	0	0	0	0	0	1	3	1	1	1	3	2	0	1	0	2	2	2	2	2	1	0	1	3	0	3	1	7	0	2	3	1	1	1	1	1	1	1	1	1	1	1	0	0	0	0	0	0	0	0	0	1	1	168	0.011434016198189614
CTC	1	2	1	1	1	1	0	1	1	3	1	0	4	0	0	0	1	0	5	1	0	0	1	0	0	1	0	0	0	0	0	2	1	1	3	0	1	1	3	1	1	0	1	0	1	0	1	0	4	3	1	0	0	0	1	0	0	0	0	0	2	2	0	3	1	0	0	3	1	0	1	2	0	0	1	3	1	1	1	1	1	1	1	1	2	2	1	1	0	3	0	1	3	4	0	0	0	0	0	0	0	0	0	0	1	1	2	1	3	3	0	0	0	2	0	109	0.007418498604777785
CTG	1	11	2	2	2	3	1	0	0	5	0	1	1	0	1	1	4	0	2	0	1	5	0	0	0	4	2	2	5	2	4	3	1	1	1	0	1	9	0	2	3	0	2	0	1	1	0	0	6	3	6	5	2	2	1	3	2	8	2	0	4	1	1	4	0	3	3	1	1	1	1	3	3	1	2	0	3	2	2	2	2	2	2	1	6	24	1	1	0	3	0	0	18	5	1	1	1	1	1	1	1	1	1	1	2	5	0	2	0	0	2	2	1	0	2	256	0.0174232627781937
CCA	1	159	4	1	1	8	0	2	24	3	2	1	0	2	2	1	1	0	2	1	5	2	0	0	0	2	1	1	4	3	3	0	2	0	7	1	2	1	6	0	0	0	3	3	2	1	1	2	6	0	0	4	0	1	0	1	0	2	2	2	2	2	2	1	1	0	1	0	1	0	0	1	15	0	0	1	0	2	2	2	2	2	2	3	4	63	0	3	1	2	4	4	5	1	0	0	0	0	0	0	0	0	0	0	0	1	1	0	2	1	1	1	1	0	1	423	0.02878921935615599
CCT	0	96	3	0	0	4	0	0	23	0	2	0	1	3	0	0	3	0	0	0	1	0	0	0	0	0	2	1	2	2	0	1	1	1	0	0	3	3	2	0	0	1	1	0	2	1	1	0	2	0	0	1	1	1	0	3	0	0	3	3	2	4	1	1	0	1	1	0	3	0	1	1	3	0	1	2	0	0	0	0	0	0	0	1	0	9	0	1	0	0	1	1	2	3	0	0	0	0	0	0	0	0	0	0	2	1	1	2	1	1	1	1	11	0	0	234	0.015925951133192676
CCC	0	26	0	2	2	0	0	0	10	2	0	1	0	0	0	1	1	1	2	1	1	0	0	0	0	3	0	0	2	1	6	0	0	1	3	0	1	3	4	2	2	0	1	0	3	0	0	2	3	3	1	0	0	0	1	1	0	4	10	3	4	6	2	1	0	0	1	0	2	0	1	0	4	0	2	2	1	1	1	1	1	1	1	4	8	15	0	0	0	2	1	1	10	3	0	0	0	0	0	0	0	0	0	0	0	0	0	0	0	0	0	0	1	0	0	187	0.012727148982508677
CCG	1	61	0	0	0	0	0	1	16	1	0	2	0	0	1	0	0	1	2	0	2	1	0	0	0	1	1	0	1	1	4	2	1	0	3	0	0	0	1	0	0	0	0	2	1	0	0	0	2	1	0	4	0	0	1	4	0	2	0	0	1	1	1	0	1	0	0	0	0	1	0	1	4	0	1	3	0	2	2	2	2	2	2	0	10	23	0	2	1	0	4	2	5	4	0	0	0	0	0	0	0	0	0	0	1	1	2	1	0	1	1	1	2	0	0	208	0.014156401007282379
CGA	2	10	2	1	1	0	0	2	1	1	0	1	0	0	0	0	1	0	0	2	6	1	0	0	0	3	0	1	0	1	1	1	5	1	2	1	2	1	5	0	0	0	2	1	1	0	3	0	1	1	1	1	0	1	0	2	0	0	1	1	0	0	0	5	0	1	2	0	0	0	1	7	2	0	3	1	0	1	1	1	1	1	1	1	5	2	1	2	0	2	0	3	5	0	1	1	1	1	1	1	1	1	1	1	1	0	1	1	0	0	0	0	0	0	1	134	0.009119989110460764
CGT	3	5	0	1	1	3	0	0	0	2	0	0	1	0	0	0	2	0	0	0	0	0	0	0	0	1	1	0	0	0	3	0	0	0	1	2	0	0	1	0	0	2	0	0	2	0	1	0	2	3	0	1	0	0	1	1	0	1	3	1	0	0	0	1	0	2	0	0	1	0	0	1	0	0	1	0	4	4	4	4	4	4	4	1	2	39	0	1	1	0	0	1	6	0	0	0	0	0	0	0	0	0	0	0	0	0	0	0	1	1	1	1	1	0	0	135	0.009188048730688082
CGC	4	1	0	0	0	2	0	1	1	0	0	1	0	0	0	0	0	2	2	0	0	0	1	0	0	1	2	1	2	1	1	0	0	1	0	0	0	0	1	4	4	1	0	0	0	0	4	0	1	0	0	1	0	1	2	2	0	0	6	2	2	0	0	2	0	0	1	1	0	0	0	1	2	0	2	0	6	1	1	1	1	1	1	1	8	3	1	3	2	3	1	3	13	1	1	1	1	1	1	1	1	1	1	1	1	2	3	1	2	2	1	1	1	0	1	140	0.009528346831824679
CGG	2	0	0	0	0	0	1	0	0	0	1	4	0	1	1	0	2	0	0	0	2	0	1	0	0	2	0	0	1	0	4	0	1	0	0	3	0	0	2	0	0	0	0	0	0	0	1	0	1	2	1	0	0	1	1	1	1	0	5	2	0	0	0	2	0	0	1	0	0	1	0	1	1	0	1	3	0	0	0	0	0	0	0	0	3	1	0	1	0	2	1	1	5	2	0	0	0	0	0	0	0	0	0	0	0	0	0	0	1	1	0	0	1	0	0	73	0.004968352276594297
TAT	0	14	5	5	6	0	1	2	0	10	0	1	0	2	0	0	2	0	2	0	1	1	0	0	1	1	1	0	0	1	1	1	1	4	0	0	2	9	2	0	0	3	2	1	2	0	0	1	3	5	1	0	2	2	2	2	3	3	0	1	0	1	6	1	0	0	2	0	5	0	0	5	6	1	0	0	0	2	2	2	2	2	2	0	5	6	4	1	0	2	5	0	12	1	2	2	2	2	2	2	2	2	2	2	3	0	1	2	1	1	2	2	2	0	2	220	0.01497311645001021
TAC	0	9	2	0	0	1	0	2	5	5	0	0	0	2	1	1	4	1	4	0	1	2	0	1	0	0	0	0	1	1	0	1	1	0	0	0	0	2	0	2	2	1	0	0	0	0	0	1	1	2	2	0	1	0	1	4	0	7	1	1	0	3	3	1	0	1	0	3	0	0	0	2	11	0	0	0	1	1	1	1	1	1	1	0	7	1	2	0	4	4	3	0	9	3	0	0	0	0	0	0	0	0	0	0	2	2	0	2	1	0	0	0	3	1	0	148	0.01007282379364323
TTA	0	2	7	6	6	0	0	1	11	4	1	2	0	4	0	1	0	1	3	0	0	0	0	0	0	0	0	1	0	0	0	0	1	2	0	0	2	3	2	0	0	2	1	0	2	0	0	2	0	0	0	3	0	0	0	1	1	2	0	1	2	0	1	1	1	1	1	0	1	0	0	1	5	0	0	2	1	2	3	2	3	3	3	0	1	14	3	2	4	2	1	0	2	0	1	1	1	1	1	1	1	1	1	1	0	1	0	0	4	4	0	0	0	0	1	157	0.010685360375689104
TTT	0	8	9	5	4	4	0	2	10	6	2	1	3	6	0	1	1	4	2	0	1	0	1	1	1	3	2	2	2	4	1	0	0	5	1	0	4	6	1	0	0	0	0	0	0	1	1	4	0	2	0	4	0	1	2	4	8	3	2	2	3	2	2	4	1	2	1	0	2	3	2	0	6	1	0	1	0	6	6	6	6	6	6	2	2	12	4	3	2	1	1	1	10	0	1	1	1	1	1	1	1	1	1	1	1	1	2	1	1	0	0	0	6	2	1	266	0.01810385898046689
TTC	2	7	0	1	1	11	0	2	5	4	3	3	2	3	0	1	6	1	5	0	1	3	2	0	1	2	1	0	1	0	0	2	0	2	4	0	2	0	1	1	1	3	1	0	1	0	0	0	1	4	1	0	2	0	0	3	2	3	0	1	4	5	2	1	0	0	1	4	2	0	1	0	3	2	1	0	0	1	1	1	1	1	1	2	4	27	1	2	1	5	2	2	8	2	1	1	1	1	1	1	1	1	1	1	0	2	2	0	1	3	2	2	1	3	0	217	0.014768937589328252
TTG	1	27	6	2	2	0	1	4	12	3	0	2	0	2	0	3	3	0	2	0	2	1	0	1	1	0	1	3	1	5	5	1	3	2	3	0	3	2	1	2	2	1	0	3	0	0	3	0	3	0	2	3	5	0	0	3	0	2	1	1	1	1	2	1	3	3	1	1	3	0	3	2	3	1	2	1	0	3	3	3	3	3	3	2	8	59	1	2	2	6	0	3	6	3	0	0	0	0	0	0	0	0	0	0	2	1	2	2	2	2	2	2	3	1	1	294	0.020009528346831826
TCA	2	54	3	1	2	4	1	0	13	0	0	0	0	0	1	0	2	2	1	1	4	0	0	0	0	1	1	0	1	0	1	3	1	0	1	0	2	1	2	0	0	0	1	0	1	0	0	0	2	2	0	3	0	1	1	1	2	6	2	0	0	2	5	2	0	1	1	0	2	0	3	3	11	0	1	2	3	3	3	3	3	3	3	1	4	9	0	3	3	1	1	1	1	1	2	2	2	3	3	3	2	2	2	2	1	1	1	1	1	1	3	3	1	0	1	243	0.01653848771523855
TCT	2	34	6	2	2	4	0	1	16	7	1	0	0	0	0	1	0	0	0	0	0	0	0	0	0	0	0	1	2	0	3	0	1	2	0	0	2	0	0	0	0	3	0	0	0	1	1	1	4	4	0	0	0	2	0	1	0	2	1	1	1	4	5	0	1	1	2	0	2	3	0	0	6	0	0	1	1	4	4	4	4	4	4	0	0	27	0	1	2	1	0	0	2	0	0	0	0	0	0	0	0	0	0	0	0	2	5	0	0	0	2	2	1	0	0	204	0.013884162526373103
TCC	2	18	2	1	1	4	1	1	13	4	0	2	0	0	1	1	2	0	5	0	0	0	0	0	0	6	2	1	1	1	3	2	0	1	1	0	2	1	1	7	8	0	0	1	2	0	1	0	1	2	0	0	2	3	1	2	0	0	3	2	2	0	2	0	0	0	2	1	1	0	1	4	8	1	0	1	8	1	1	1	1	1	1	2	5	33	1	4	2	3	3	3	5	4	1	1	1	1	1	1	1	1	1	1	0	3	1	0	1	1	1	1	0	1	1	237	0.016130129993874635
TCG	1	9	1	4	3	4	0	0	3	5	1	2	1	0	1	1	0	1	1	0	2	0	0	0	1	2	3	2	0	2	2	0	0	1	0	0	1	2	4	5	4	0	0	0	1	0	3	1	4	2	0	1	0	1	1	1	1	1	2	0	1	0	2	0	0	0	1	0	2	2	1	0	5	0	0	0	6	4	4	4	4	4	4	3	6	22	2	2	2	1	0	3	2	2	2	2	2	2	1	2	1	2	2	2	3	3	4	3	4	3	5	5	1	1	3	230	0.0156537126522834
TGT	0	0	1	0	0	0	1	1	10	2	1	0	1	3	1	1	0	1	0	1	4	0	0	1	1	1	0	2	0	0	1	3	1	0	2	0	0	2	0	2	2	3	2	0	0	2	0	3	1	1	0	1	1	3	0	3	3	2	0	2	1	2	1	0	3	0	4	0	0	2	0	0	2	0	1	0	1	3	3	3	3	3	3	1	2	0	2	2	0	2	0	1	3	0	1	1	1	1	1	1	1	1	1	1	1	1	0	1	1	1	0	0	0	0	1	137	0.009324167971142721
TGC	0	2	1	0	0	0	0	0	0	2	0	1	1	4	2	0	0	3	4	1	3	2	0	0	0	1	0	2	1	2	0	0	0	2	2	1	1	0	0	0	0	2	0	0	0	0	3	4	3	0	0	2	0	3	1	0	0	1	1	2	2	3	4	1	1	1	2	0	1	0	0	0	0	0	2	3	0	0	0	0	0	0	0	3	5	5	4	2	0	3	1	3	6	0	1	1	1	1	1	1	1	1	1	1	0	0	0	0	0	0	0	0	1	3	1	127	0.00864357176886953
TGG	2	15	2	0	0	0	2	4	0	1	1	2	0	0	1	1	0	0	3	0	2	1	0	1	1	1	0	1	2	0	0	3	5	0	0	3	1	5	0	0	0	1	1	1	2	1	0	0	3	2	0	5	0	0	0	1	3	3	0	0	2	0	3	0	2	3	0	0	0	1	0	0	1	0	1	2	1	1	1	1	1	1	1	6	3	4	1	4	2	5	3	1	2	2	1	1	1	1	1	1	1	1	1	1	0	0	2	0	0	0	0	0	1	1	0	152	0.010345062274552508
GAA	1	8	19	11	11	0	1	4	30	1	1	4	0	1	1	1	5	3	1	1	6	0	0	0	0	25	2	0	0	3	3	0	5	1	3	3	4	2	5	0	0	0	2	1	2	0	1	5	3	2	1	1	2	0	1	11	0	3	1	0	3	1	0	0	2	1	0	1	1	0	0	9	15	0	3	1	1	9	7	8	9	7	8	2	6	29	1	2	3	3	7	3	10	7	1	1	1	1	1	1	1	1	1	1	3	7	2	3	5	7	6	5	16	1	2	428	0.02912951745729259
GAT	2	8	8	7	7	0	2	2	15	4	0	0	0	5	0	1	4	2	2	0	5	0	0	2	1	1	1	0	1	1	4	1	1	1	2	2	6	1	0	1	1	0	1	0	0	0	0	2	7	2	1	2	3	1	1	6	0	2	14	1	1	2	3	0	4	0	1	0	5	0	0	2	14	2	1	2	1	4	5	4	4	4	4	5	9	75	3	6	2	3	10	1	9	7	7	7	6	7	7	8	6	6	6	6	2	6	4	2	2	2	2	2	10	3	4	442	0.030082352140475055
GAC	0	3	2	4	4	0	2	1	15	4	1	2	2	1	1	0	0	0	2	1	1	1	0	0	0	2	2	1	1	1	2	1	0	2	2	2	2	0	0	2	2	2	1	1	0	0	1	2	3	1	1	2	4	0	1	1	0	3	1	0	1	3	2	0	0	0	1	0	1	0	1	2	3	0	0	0	1	6	7	6	6	7	6	1	7	37	0	0	1	1	5	1	9	4	5	4	4	5	4	5	4	4	4	4	2	2	2	3	1	1	1	1	8	6	5	287	0.01953311100524059
GAG	3	1	1	5	5	0	0	2	4	2	0	1	2	3	1	1	3	0	1	1	0	1	0	0	0	1	1	0	1	2	1	1	3	1	0	1	3	2	0	0	1	0	3	1	0	0	3	2	3	2	1	3	2	2	3	2	0	0	0	0	3	0	1	1	1	0	1	1	1	0	1	6	8	0	1	0	2	4	4	4	4	4	4	1	8	77	0	1	1	2	5	1	12	13	2	2	2	2	2	2	2	2	2	2	7	8	10	8	8	7	10	10	18	4	1	365	0.02484176138297148
GTA	0	9	3	2	3	0	0	1	6	4	1	0	0	1	2	1	0	0	1	0	1	1	0	2	1	1	0	1	0	2	0	0	1	0	1	2	2	1	1	0	0	0	0	3	0	0	0	2	0	0	0	0	1	0	2	1	0	5	0	2	1	1	0	0	1	0	0	1	3	0	2	0	6	1	0	0	1	4	3	4	3	3	3	3	1	8	1	0	1	1	2	1	2	1	0	0	0	0	0	0	0	0	0	0	3	1	2	3	0	0	0	0	3	0	0	137	0.009324167971142721
GTT	1	4	4	0	0	1	1	0	1	7	0	0	1	3	0	2	2	0	1	0	0	2	3	0	0	1	0	1	0	0	1	1	0	0	5	0	5	2	0	1	1	2	3	0	0	0	1	3	2	2	1	2	1	1	2	2	4	2	0	1	1	2	3	1	1	1	1	2	0	1	1	4	8	0	0	0	0	4	4	4	4	3	4	3	3	4	2	2	1	1	1	0	8	3	1	1	1	1	1	1	1	1	1	1	0	0	0	0	2	2	0	0	17	1	1	190	0.012931327843190635
GTC	0	4	2	1	1	1	1	1	1	1	0	1	4	0	0	0	5	1	2	0	1	1	0	1	0	0	0	1	0	0	3	3	1	0	0	0	1	2	1	2	2	1	1	0	3	0	0	1	1	1	2	1	1	0	0	2	2	0	1	0	2	1	2	0	0	0	1	2	1	1	0	1	2	0	1	1	1	1	1	1	1	1	1	2	5	33	0	1	1	1	2	1	9	4	0	0	0	0	0	0	0	0	0	0	1	0	0	0	1	0	0	0	1	1	0	147	0.010004764173415913
GTG	0	14	7	0	0	2	2	3	1	5	0	2	0	0	0	1	5	1	4	0	3	1	0	2	1	2	2	0	0	2	3	0	3	0	2	0	1	3	2	3	3	0	0	1	1	2	2	1	6	2	1	0	1	3	1	2	1	3	0	2	1	1	0	0	2	0	2	0	1	0	1	2	7	2	4	0	0	2	2	2	2	2	2	3	8	26	0	2	1	3	1	1	9	5	3	4	4	3	4	3	4	4	4	4	0	2	1	0	0	0	1	1	5	1	3	254	0.01728714353773906
GCA	0	6	3	1	0	4	0	3	21	2	1	2	0	0	2	0	7	2	5	0	2	0	0	0	0	2	1	1	0	1	3	1	1	4	2	4	1	2	2	2	1	3	0	2	1	1	4	1	4	3	0	3	4	0	2	0	0	1	0	1	5	2	3	1	0	2	1	0	0	1	1	3	4	0	2	0	2	2	2	2	2	2	2	2	4	4	4	1	2	5	1	2	4	4	1	1	1	1	1	1	1	1	1	1	1	2	2	2	2	2	1	2	4	1	1	221	0.015041176070237527
GCT	0	4	3	2	2	5	0	1	19	0	2	2	0	3	0	0	2	1	1	0	2	0	0	1	0	0	1	0	1	1	0	0	3	2	7	0	2	1	1	0	0	2	1	0	2	5	1	2	3	1	0	1	0	0	1	1	1	1	4	2	2	3	1	2	1	1	0	0	1	0	6	1	7	2	3	1	7	4	4	4	4	4	4	3	7	11	2	2	1	3	4	3	2	2	1	1	1	1	1	1	1	1	1	1	0	0	2	0	1	0	3	3	15	2	1	236	0.016062070373647316
GCC	0	2	0	0	0	9	0	0	4	3	1	0	2	0	0	0	3	0	7	1	2	1	1	1	0	5	2	0	2	1	3	3	0	2	4	1	3	2	3	4	4	1	0	1	1	1	4	0	13	4	1	2	1	1	0	1	0	0	1	3	0	2	0	2	1	0	2	0	1	2	2	3	3	1	1	0	9	0	0	0	0	0	0	2	5	26	0	1	4	1	0	0	15	2	3	4	4	3	4	3	4	4	4	4	0	1	0	1	1	2	0	0	3	3	3	247	0.016810726196147825
GCG	0	5	1	1	1	3	2	0	3	0	2	1	0	1	0	1	2	0	5	1	0	1	0	0	0	1	1	1	0	0	2	0	0	0	1	2	1	3	2	0	0	1	0	0	1	0	1	1	4	0	1	0	0	1	0	1	0	1	0	2	1	1	1	1	0	1	1	0	0	0	0	1	2	1	1	1	0	0	0	0	0	0	0	3	8	1	0	1	0	2	1	1	5	3	1	1	1	1	2	1	2	1	1	1	1	2	1	0	3	3	1	1	1	2	1	123	0.008371333287960253
GGA	0	103	3	0	0	15	1	1	8	0	0	1	0	2	2	1	3	0	3	2	2	1	0	1	0	20	0	2	5	0	0	1	1	4	0	6	7	3	0	0	0	1	2	0	4	2	3	1	4	3	0	3	1	2	3	2	1	3	12	0	2	6	4	2	0	3	2	0	0	1	0	3	7	0	0	3	0	1	1	1	1	1	1	8	1	36	0	5	0	1	0	4	7	2	1	1	1	1	1	1	1	1	1	1	1	0	3	1	2	2	2	2	1	3	0	375	0.025522357585244675
GGT	0	20	5	2	2	26	0	1	1	0	2	1	0	1	2	1	2	2	1	2	2	1	2	0	0	0	1	1	0	0	1	1	1	4	0	1	3	1	1	1	1	1	1	1	2	2	1	1	1	2	0	1	0	0	0	0	2	3	0	0	2	2	1	0	0	0	0	0	2	0	1	1	5	1	3	1	1	1	1	1	1	1	1	2	1	17	0	2	0	0	0	1	5	5	1	1	2	2	2	1	2	2	2	2	0	1	3	0	1	1	1	1	1	0	2	198	0.013475804805009189
GGC	0	26	0	1	1	25	1	2	0	3	0	0	1	1	2	0	3	2	4	0	3	1	1	1	2	9	0	0	0	2	1	0	3	1	0	0	1	0	2	1	1	1	0	1	0	1	6	0	12	0	2	1	0	1	1	0	2	1	4	3	1	4	1	2	1	2	1	0	0	1	1	0	1	1	2	2	2	2	2	2	2	2	2	1	7	35	0	2	0	3	0	1	14	4	2	2	2	2	2	2	2	2	2	2	0	0	0	0	0	0	0	0	0	0	3	261	0.017763560879330294
GGG	0	15	1	0	0	1	0	0	0	0	2	0	0	1	1	2	0	0	2	1	3	0	0	0	1	4	0	0	0	1	0	0	1	0	1	4	0	2	2	0	0	0	0	0	0	0	1	0	2	0	0	0	0	1	2	1	0	0	0	2	1	0	0	1	0	1	1	0	0	1	0	0	1	0	1	2	0	0	0	0	0	0	0	1	4	21	1	2	0	0	0	3	2	2	0	0	0	0	0	0	0	0	0	0	0	0	0	0	0	0	1	1	0	3	0	104	0.007078200503641189
