AAA	0.017499376925094262
AAT	0.021134621869998257
AAC	0.025149927707524396
AAG	0.03941464307921152
ATA	0.010148770356986895
ATT	0.01738216188344444
ATC	0.022887519538306922
ATG	0.023872599484293284
ACA	0.01081318625805582
ACT	0.00978903463151952
ACC	0.021067134421775633
ACG	0.014368117192940497
AGA	0.0053050659591140515
AGT	0.01150818857571687
AGC	0.01982670723017502
AGG	0.00654450649211492
CAA	0.015405687376433344
CAT	0.01052567394208985
CAC	0.015820478651766542
CAG	0.034856280348385206
CTA	0.00888880732511131
CTT	0.009579665676653427
CTC	0.014319376258113047
CTG	0.039417997718450656
CCA	0.012948512799626017
CCT	0.006731774294346703
CCC	0.017342695539454604
CCG	0.01521901156936141
CGA	0.008756792404465301
CGT	0.008636814718736193
CGC	0.01761698663018398
CGG	0.008492170568013435
TAT	0.01142333593613872
TAC	0.01890674675177189
TTA	0.004599999723735592
TTT	0.014417055459487897
TTC	0.02248002953661184
TTG	0.017027951446135642
TCA	0.007564908815972187
TCT	0.006884114382147478
TCC	0.019082371982526672
TCG	0.015783380288416096
TGT	0.005509501620981414
TGC	0.013185705527004944
TGG	0.010475551685222755
GAA	0.022103717946668735
GAT	0.02814443655775337
GAC	0.024561681850355857
GAG	0.04287524945196048
GTA	0.006660734875164994
GTT	0.011375384328191067
GTC	0.013711989224109437
GTG	0.028432935532319088
GCA	0.012541022797930937
GCT	0.014199595904103888
GCC	0.0326499143876333
GCG	0.013864526643630162
GGA	0.01741886558335499
GGT	0.01275039175279703
GGC	0.025423626803093926
GGG	0.004674985777316285
